{
	"screen" : [
		{
			"frame" : {
				"asset" : "bg_bnet",
				"bounds" : [0, 0, 738, 468],
				"box" : [0, 387, 738, 81], 
				"action" : "drag"
			}
		},
				{
				"button" : {
				"image_disabled" : "btn_mac_disabled",
				"image_up" : "btn_mac_red_normal",
				"image_down" : "btn_mac_red_pressed",
				"image_hover" : "btn_mac_red_hover",
				"state" : 2,
				"bounds" : [20, 448, 14, 14],
				"action" : "exit"
				}
				},
				{
				"button" : {
				"image_disabled" : "btn_mac_disabled",
				"image_up" : "btn_mac_yellow_normal",
				"image_down" : "btn_mac_yellow_pressed",
				"image_hover" : "btn_mac_yellow_hover",
				"state" : 2,
				"bounds" : [38, 448, 14, 14],
				"action" : "minimize"
				}
				},
				{
			"button" : {
				"image_disabled" : "btn_small_normal",
				"image_up" : "btn_small_normal",
				"image_down" : "btn_small_over",
				"image_hover" : "btn_small_over",
				"state" : 2,
				"bounds" : [254, 25, 92, 36],
				"action" : "exit",
				"text" : "Btn_Cancel",
				"face" : "Blizzard",
				"size" : 13,
				"text_color_up" : [0, 0.6824, 1.0, 1.0],
				"text_color_down" : [0, 0.6824, 1.0, 1.0],
				"text_color_hover" : [0, 0.6824, 1.0, 1.0]
			}
		},
		{ 
			"label" : { 
				"text" : "Install_Header", 
				"color" : [1, 1, 1, 1], 
				"face" : "Blizzard", 
				"size" : 22, 
				"bounds" : [250, 340, 425, 100]
			}
		},
		{
			"label" : {
				"text" : "Installing_App",
				"color" : [1, 1, 1, 0.8],
				"face" : "Blizzard",
				"size" : 15,
				"id" : "install_progress_text",
				"bounds" : [250, 280, 450, 30]
			}
		},
		{
			"progress" : {
				"bounds" : [250, 250, 451, 22],
				"image_progress_empty" : "progressbar_large_empty",
				"image_progress_full" : "progressbar_large_full",
				"image_progress_lead" : "progressbar_lead",
				"lead_box" : [ -51, -9, 60, 28 ],
				"bar_range" : [6, 6, 439, 10],
				"id" : "install_progress"
			}
		}
	]	
}