{
	"screen" : [
		{
			"frame" : {
				"asset" : "bg_bnet",
				"bounds" : [0, 0, 738, 468],
				"box" : [0, 387, 738, 81], 
				"action" : "drag"
			}
		},
				{
				"button" : {
				"image_disabled" : "btn_mac_disabled",
				"image_up" : "btn_mac_red_normal",
				"image_down" : "btn_mac_red_pressed",
				"image_hover" : "btn_mac_red_hover",
				"state" : 2,
				"bounds" : [20, 448, 14, 14],
				"action" : "exit"
				}
				},
				{
				"button" : {
				"image_disabled" : "btn_mac_disabled",
				"image_up" : "btn_mac_yellow_normal",
				"image_down" : "btn_mac_yellow_pressed",
				"image_hover" : "btn_mac_yellow_hover",
				"state" : 2,
				"bounds" : [38, 448, 14, 14],
				"action" : "minimize"
				}
				},
		{ 
			"label" : { 
				"text" : "Install_Header", 
				"color" : [1, 1, 1, 1], 
				"face" : "Blizzard", 
				"size" : 22, 
				"bounds" : [250, 340, 425, 100]
			}
		},
		{ 
			"image" : { 
				"asset" : "badge_error", 
				"bounds" : [270, 305, 33, 32]
			}
		}, 
		{ 
			"label" : { 
				"color" : [1, 1, 1, 0.7], 
				"face" : "Blizzard", 
				"size" : 14, 
				"bounds" : [310, 225, 375, 120],
				"id" : "error_text" 
			}
		}, 
		{ 
			"link" : {
				"color" : [0, 0.6824, 1, 0.7], 
				"hilight_color" : [0, 0.6824, 1, 1], 
				"down_color" : [0, 0.6824, 1, 1], 
				"visited_color" : [0, 0.6824, 1, 0.7], 
				"state" : 1, 
				"visited" : false, 
				"face" : "Blizzard", 
				"size" : 13,
				"bounds" : [250, 45, 450, 20],
				"id" : "error_link",
				"image" : "img_link",
				"image_box" : [5, 4, 11, 10],
				"layout" : [ true, true ],
				"action" : "click_error_link"
			}
		},
		{
			"label" : {
				"text" : "Error_Footer",
				"color" : [0.7, 0.7, 0.7, 0.5], 
				"face" : "Blizzard", 
				"size" : 12, 
				"bounds" : [230, 12, 500, 35],
				"layout" : [ false, true ]
			}
		},
		{
			"button" : {
				"image_disabled" : "btn_long_disabled",
				"image_up" : "btn_long_normal",
				"image_down" : "btn_long_down",
				"image_hover" : "btn_long_over",
				"state" : 2,
				"bounds" : [400, 175, 165, 36],
				"action" : "exit",
				"text" : "Btn_Close",
				"face" : "Blizzard",
				"size" : 13,
				"text_color_up" : [1.0, 1.0, 1.0, 1.0],
				"text_color_down" : [1.0, 1.0, 1.0, 1.0],
				"text_color_hover" : [1.0, 1.0, 1.0, 1.0]
			}
		}
	]	
}