{
	"screen" : [
		{
			"frame" : {
				"asset" : "bg_bnet",
				"bounds" : [0, 0, 738, 468],
				"box" : [0, 387, 738, 81], 
				"action" : "drag"
			}
		},
		{ 
			"button" : { 
				"image_disabled" : "btn_mac_disabled",
				"image_up" : "btn_mac_red_normal",
				"image_down" : "btn_mac_red_pressed",
				"image_hover" : "btn_mac_red_hover",
				"state" : 2, 
				"bounds" : [20, 448, 14, 14],
				"action" : "exit"
			}
		}, 
		{ 
			"button" : { 
				"image_disabled" : "btn_mac_disabled",
				"image_up" : "btn_mac_yellow_normal",
				"image_down" : "btn_mac_yellow_pressed",
				"image_hover" : "btn_mac_yellow_hover",
				"state" : 2, 
				"bounds" : [38, 448, 14, 14],
				"action" : "minimize"
			}
		}, 
		{ 
			"label" : { 
				"text" : "Install_Header", 
				"color" : [1, 1, 1, 1], 
				"face" : "Blizzard", 
				"size" : 22, 
				"bounds" : [250, 340, 425, 100]
			}
		},
		{
			"image" : {
				"asset" : "line_h",
				"bounds" : [260, 307, 440, 1]
			}
		},
		{
			"label" : {
				"text" : "Options_Location_Header", 
				"color" : [1, 1, 1, 1], 
				"face" : "Blizzard", 
				"size" : 16, 
				"bounds" : [260, 305, 375, 30]
			}
		},
		{
			"status" : {
				"color" : [1, 1, 1, 0.7],
				"face" : "Blizzard",
				"size" : 13,
				"bounds" : [260, 280, 300, 30],
				"id" : "bnet_install_location" ,
				"image" : "img_deny",
				"image_box" : [ 5, 4, 11, 11 ],
				"alt_color" : [ 1, 0.047, 0.047, 1 ],
				"layout" : [ true, false, false, true ]
			}
		},
		{
			"link" : { 
				"text" : "Options_Link_Change", 
				"color" : [0, 0.6824, 1, 0.7], 
				"hilight_color" : [0, 0.6824, 1, 1], 
				"down_color" : [0, 0.6824, 1, 1], 
				"visited_color" : [0, 0.6824, 1, 0.7], 
				"state" : 1, 
				"visited" : false, 
				"face" : "Blizzard",
				"size" : 13,
				"bounds" : [645, 280, 80, 30],
				"action" : "change_bnet"
			}
		},
		{
			"status" : {
				"color" : [1, 1, 1, 0.7],
				"face" : "Blizzard",
				"size" : 13,
				"bounds" : [260, 260, 300, 30],
				"id" : "bnet_install_space",
				"image" : "img_deny",
				"image_box" : [ 5, 4, 11, 11 ],
				"alt_color" : [ 1, 0.047, 0.047, 1 ]
			}
		},

		{
			"label" : {
				"id" : "install_form_error",
				"color" : [1, 0.047, 0.047, 1],
				"face" : "Blizzard",
				"size" : 13,
				"bounds" : [260, 240, 375, 30],
				"visible" : false
			}
		},
		{
			"label" : {
				"id" : "uninstall_instruction_header",
				"text" : "Uninstall_Header", 
				"color" : [1, 1, 1, 1.0], 
				"size" : 16, 
				"bounds" : [260, 187, 375, 30],
				"visible" : false
			}
		},
		{
			"image" : {
				"id" : "uninstall_instruction_border",
				"asset" : "line_h",
				"bounds" : [260, 188, 440, 1],
				"visible" : false
			}
		},
		{
			"label" : { 
				"id" : "uninstall_instruction_description",
				"color" : [1, 1, 1, 0.7],
				"size" : 13,
				"bounds" : [260, 140, 430, 50],
				"visible" : false
			}
		},
		{ 
			"button" : {
				"image_disabled" : "btn_long_disabled",
				"image_up" : "btn_long_normal",
				"image_down" : "btn_long_down",
				"image_hover" : "btn_long_over",
				"state" : 2,
				"bounds" : [552, 25, 165, 36],
				"id" : "install_button",
				"action" : "install",
				"text" : "Btn_Continue",
				"face" : "Blizzard",
				"size" : 13,
				"text_color_up" : [1.0, 1.0, 1.0, 1.0],
				"text_color_down" : [1.0, 1.0, 1.0, 1.0],
				"text_color_hover" : [1.0, 1.0, 1.0, 1.0],
				"text_color_disabled" : [1.0, 1.0, 1.0, 0.1]
			}
		}
	]	
}