{ 
	"screen" : [ 
		{ 
			"frame" : { 
				"asset" : "bg_small_window", 
				"bounds" : [8, 3, 408, 108],
				"box" : [8, 24, 408, 81], 
				"action" : "drag"
			}
		}, 
		{ 
			"button" : { 
				"image_disabled" : "btn_mac_disabled", 
				"image_up" : "btn_mac_red_normal",
				"image_down" : "btn_mac_red_pressed",
				"image_hover" : "btn_mac_red_hover",
				"state" : 2, 
				"bounds" : [20, 88, 14, 14],
				"action" : "exit"
			}
		}, 
		{ 
			"button" : { 
				"image_disabled" : "btn_mac_disabled",
				"image_up" : "btn_mac_yellow_normal",
				"image_down" : "btn_mac_yellow_pressed",
				"image_hover" : "btn_mac_yellow_hover", 
				"state" : 2, 
				"bounds" : [38, 88, 14, 14],
				"action" : "minimize"
			}
		}, 
		{ 
			"progress" : { 
				"image_progress_empty" : "progressbar_small_empty",
				"image_progress_full" : "progressbar_small_full",
				"image_progress_lead" : "progressbar_lead",
				"percent" : 0, 
				"bounds" : [30, 34, 362, 22],
				"lead_box" : [ -51, -9, 60, 28 ],
				"bar_range" : [6, 6, 350, 10],
				"id" : "bootstrap_progress"
			}
		}, 
		{ 
			"label" : { 
				"color" : [1, 1, 1, 0.7],
				"face" : "Blizzard", 
				"size" : 13, 
				"bounds" : [36, 50, 340, 30],
				"id" : "bootstrap_text" 
			}
		}
	]
}